InstitutionCode,CollectionCode,CollectionName
CSU,CSUC, C.P. Gillette Museum of Arthropod Diversity
DBG,DBGA, Collection of Arthropods
UNL,NA, Insect Division
OSEC,NA, K. C. Emerson Museum
,PCNZ, Lincoln Plant Health Station
,NZAC, New Zealand Arthropod Collection
,PPCC, Plant Protection Centre Collection
SRSC,,A. Michael Powell Herbarium
ANSP,ENT,Academy of Natural Sciences Entomology Collection - Live Data
PH,,Academy of Natural Sciences of Drexel University
ACAD,,"Acadia University, E. C. Smith Herbarium"
CONABIO,CAIM,"Actualizaci√≥n de la Colecci√≥n de Artr√≥podos con importancia m√©dica (CAIM), Laboratorio de Entomolog√≠a, InDRE"
ISC,,Ada Hayden Herbarium (Iowa State University)
ISC,,Ada Hayden Herbarium at Iowa State University
ALAM,,Adams State University Herbarium
ETH,,Addis Ababa University
OAI,?,Agricultural Scientific Collections Unit
ALBC,,Albion College
USU,NA,American Entomological Institute
NPS,AMIS,Amistad National Recreation Area
AUB,,Andrews University Herbarium
CAS,ANTWEB,AntWeb
CONABIO,LSPG,Apoyo para la infraestructura de la colecci√≥n de artr√≥podos con y sin importancia m√©dica del Laboratorio estatal de Salud P√∫blica del estado de Guanaj
BOON,,"Appalachian State University, I. W. Carpenter, Jr. Herbarium"
ARCH,herbarium,Archbold Biological Station
ABS,ARTHARCH,Archbold Biological Station Arthropod Collection
ASU,Bryophytes,Arizona State University
ASU,ASUCOB,Arizona State University Charles W. O'Brien Collection
ASU,Seeds,Arizona State University Fruit and Seed Collection
ASU,ASUHIC,Arizona State University Hasbrouck Insect Collection
ASU,,Arizona State University Lichen Herbarium
ASU,ASULOB,Arizona State University Lois B. O'Brien Collection
ASU,Pollen,Arizona State University Pollen Collection
ASU,Plants,Arizona State University Vascular Plant Herbarium
AWC,,Arizona Western College Herbarium
ANHC,,Arkansas Natural Heritage Commission Herbarium
STAR,,Arkansas State University
APCR,,Arkansas Tech University Herbarium
AASU,,Armstrong State University Herbarium
NA,NA,Army Ant & Guest Collection
ABS,ARTHARCH,Arthropod Collection
CUAC,CUAC,Arthropod Collection
CC-OBE,COCOA,Arthropod Collection
OSAC,OSAC,Arthropod Collection
NDUC,NA,Arthropod Collection
BYU,BYUC,Arthropod Museum
LSU,NA,Arthropod Museum
NA,NA,Arthropod Museum 
AUMNH,AUM,Auburn University Museum of Natural History
AUA,,"Auburn University, John D. Freeman Herbarium"
AUGIE,,Augustana College
APSC,,Austin Peay State University Herbarium
AM,AM,Australian Museum Entomology Collection
CSIRO,ANIC,Australian National Insect Collection
NPS,BAND,Bandelier National Monument
THA,Bark Beetles,Bark and Ambrosia Beetles of the New World
USDA,ARS,Bee Biology and Systematics Laboratory
MIN,,"Bell Museum of Natural History, lichen section, Univ. of Minnesota"
MIN,,"Bell Museum of Natural History, the University of Minnesota"
HWBA,,Benedictine College Herbarium
BENN,,Bennington College Herbarium
BEREA,,"Berea College, Ralph L. Thompson Herbarium"
HSMNCH,BPBM,Bernice P. Bishop Museum
CONABIO,UADY,Biodiversidad de la apifauna de Yucat√°n
CONABIO,BST,"Biodiversidad de la Sierra Tarahumara. Lepidoptera: Mimallonoidea, Lasiocampoidea, Bombycoidea y Pyraloidea"
UCMS,NA,Biodiversity Research Collections - Insects
DAF,?,Biosecurity Queensland Cairns Collection
BISH,,"Bishop Museum, Herbarium Pacificum"
USFS,BNFH,Bitterroot National Forest Herbarium
BHSU,BHSC,Black Hills State University Herbarium
BLM,RD,BLM Herbarium - Redding FO
BLM,MLFO,BLM Mother Lode Field Office: The Bees of Pine Hill Preserve
SRP,,Boise State University Lichen Herbarium
BRIT,,Botanical Research Institute of Texas
BTA,Plants,Boyce Thompson Arboretum
EKUY,,Branson Museum of Zoology - Arthropods
EKUY,NA,Branson Museum of Zoology - Arthropods
N/A,,Brazil SpeciesLink data from iDigBio
BDWR,,Bridgewater College Herbarium
BRY,,Brigham Young University
BYU,BYUC,Brigham Young University Arthropod Museum
BRY,V,"Brigham Young University, S. L. Welsh Herbarium"
BRIT,,BRIT Philecology Herbarium
BKL,,Brooklyn Botanic Garden
BRU,,Brown University
BRU,,Brown University Herbarium
BLM,Carlsbad,"Bureau of Land Management, Carlsbad Field Office"
BLM,LCDO,"Bureau of Land Management, Las Cruces District Office"
BLM,SLV,"Bureau of Land Management, San Luis Valley Field Office"
BLM,TAFO,"Bureau of Land Management, Taos Field Office"
BCWS,,"Burgundy Center for Wildlife Studies, Coopers Cove Herbarium"
BUT,,Butler University
BUT,,"Butler University, Friesner Herbarium"
BUT,IPA,"Butler University, Friesner Herbarium, Indiana Plant Atlas"
OSU,OSU,C.A. Triplehorn Insect Collection
CSU,CSUC,C.P. Gillette Museum of Arthropod Diversity
BLM,CFOBLM,"Caliente Field Office, Bureau of Land Management"
CAS,,California Academy of Sciences
CAS,ENT,California Academy of Sciences Entomology
CHSC,,"California State University Chico, Chico State Herbarium"
CSUEB,CSUEBNHM,California State University East Bay Natural History Museum
CALVIN,,Calvin College
CAU,,Campbell University Herbarium
CMN,CANM,Canadian Museum of Nature
CM,Mollusks,Carnegie Museum of Natural History - Mollusks
CM,,Carnegie Museum of Natural History Herbarium
BLM,CAR,Carson City District BLM Herbarium
COCO,,"Carter Herbarium, Colorado College"
CONABIO,CCE,Cat√°logo de insectos de la colecci√≥n del Centro de Entomolog√≠a
CONABIO,CRLN,"Cat√°logo y recopilaci√≥n de datos cient√≠ficos de los lepid√≥pteros nocturnos de M√©xico, pertenecientes a cinco familias"
CMC,,Central Michigan University
CHAS,MAL,Chicago Academy of Sciences
CHIC,,Chicago Botanic Garden
AVCH,,City of Alexandria Herbarium
CU,CUAC,Clemson University Arthropod Collection
CLEMS,,Clemson University Herbarium
CLEV,CMNHENT,Cleveland Museum of Natural History Invertebrate Zoology Collection
SBBG,,"Clifton Smith Herbarium, Santa Barbara Botanic Garden"
CCH,,Cochise County Herbarium
USFS,COC,Coconino National Forest Herbarium
CONABIO,CISC,Colecci√≥n de insectos agr√≠colas del proyecto diversidad en sistemas de cultivos
UniSierra,UniSierra-Invertebrates,Colecci√≥n de Invertebrados de la Universidad de la Sierra
CONABIO,CLQR,Colecci√≥n de referencia de vectores de Leishmania spp (causante de Leshmaniasis cut√°nea localizada) de la Pen√≠nsula de Yucat√°n y un estudio preliminar
UAQ,UAQE,Colecci√≥n Zool√≥gica de la Universidad Aut√≥noma de Quer√©taro
GRCH,,Colgate University - George R. Cooley Herbarium
UMBC,QMOR,Collection Entomologique Ouellet-Robert
NMSU,NA,Collection of Arthropods
GMNH,UGCA,Collection of Arthropods
FMNH,FMNHINS,"Collection of Insects, Arachnids, and Myriapods"
HCOA,,"College of the Atlantic, Acadia National Park Herbarium"
WILLI,,College of William and Mary Herbarium
MESA,,"Colorado Mesa University, Walter A. Kelley Herbarium"
NAU,NAUF3A,Colorado Plateau Biodiversity Center- Mollusk Collection
NAUF,CPMAB,Colorado Plateau Museum of Arthropod Biodiversity
PUSC,,Colorado State University - Pueblo
CS,,Colorado State University Herbarium
COLG,,Columbus State University Herbarium
CONABIO,CFS,Computarizaci√≥n de abejas de la colecci√≥n entomol√≥gica de la Frontera Sur
CONABIO,CMZ,"Computarizaci√≥n de la colecci√≥n de abejas (Hymenoptera: Apoidea) del Museo de Zoolog√≠a Alfonso L. Herrera, de la Facultad de Ciencias de la UNAM"
CONABIO,CCNBM,Computarizaci√≥n de la Colecci√≥n Nacional de insectos Dr. Alfredo Barrera Mar√≠n del Museo de Historia Natural de la Ciudad de M√©xico
CONABIO,CLMZ,"Computarizaci√≥n y actualizaci√≥n de la curaci√≥n de la Colecci√≥n de Lepid√≥ptera del Museo de Zoolog√≠a ""Alfonso L. Herrera"" y su base de datos MARIPOSA. "
CONV,,Converse College Herbarium
MOVC,,Cornell College Herbarium
CUP,,Cornell University Plant Pathology Herbarium
CUP,,"Cornell University, Plant Pathology Herbarium"
MCTC,,"Cryptogamic Herbarium, Michigan Technological University"
SNM,,Dale A. Zimmerman Herbarium at Western New Mexico University
DEWV,,Davis & Elkins College Herbarium
ASC,,Deaver Herbarium (Northern Arizona University)
DMNH,Mollusk,Delaware Museum of Natural History ‚Äì Mollusks
DOV,,"Delaware State University, Claude E. Phillips Herbarium"
DSC,,Delta State University
DBG,DBG,"Denver Botanic Garden, Sam Mitchel Herbarium of Fungi"
DBG,DBGA,Denver Botanic Gardens Collection of Arthropods
DMNS,INVERT,Denver Museum of Nature & Science
DMNS,Arac,Denver Museum of Nature & Science - Arachnology
DMNS,Ento,Denver Museum of Nature & Science - Entomology
UK,NA,Department of Entomology Collection
DES,,Desert Botanical Garden Herbarium
NPS,DETO,Devils Tower National Monument
DSUND,,Dickinson State University Herbarium
UWYMED,ENT,Dillon Lab Insect Collection
CONABIO,RBTC,"Diversidad de abejas (Hymenoptera: Apoidea) de la Reserva de la Biosfera El Triunfo, Chiapas"
CONABIO,DIBT,"Diversidad de ocho grupos de insecta (Odonata, Lycidae, Phengodidae, Lampyridae, Cantharidae, Cerambycidae, Syrphidae y Vespidae) en tres regiones con"
DMBC,NA,Dominick Collection
ENMU,NA,"Dr. Antonio ""Tony"" Gennaro Natural History Museum"
PH,,"Drexel University, Academy of Natural Sciences"
DUGWAY,DUG-ENT,Dugway Proving Ground Natural History Collection
DUKE,,Duke University
DUKE,,Duke University Herbarium
DUKE,,"Duke University, Herbarium Fungal Collection"
ACAD,,E. C. Smith Herbarium
ACAD,,"E. C. Smith Herbarium, Acadia University"
UASM,NA,E. H. Strickland Entomological Museum
TTC,,E.L. Reed Herbarium at Texas Tech University
EAR,,Earlham College
ECUH,,East Carolina University Herbarium
ETSU,,East Tennessee State University Herbarium
EIU,,Eastern Illinois University
EKU,Mollusks,Eastern Kentucky University Mollusk Collection
EKY,,"Eastern Kentucky University, Ronald L. Jones Herbarium"
EMC,,Eastern Michigan University Herbarium
ENLC,,Eastern Nevada Landscape Coalition
ENMU,,Eastern New Mexico University Herbarium
EVG,EVGC,Ed V Gage Collection
BLM,ELKOBLM,Elko BLM District Office Herbarium
EDOBLM,,Ely BLM Herbarium
GEO,,Emory University Herbarium
UMRM,NA,Enns Entomology Museum
NA,NA,Entomological Collection.
RUAC,NA,Entomological Museum
NA,NA,Entomological Research Collection
BMSC,NA,Entomology
CAS,ENT,Entomology
NVDA,NA,Entomology
NJSM,NA,Entomology
NYSM,ENT,Entomology
SDNH,NA,Entomology
SRSC,NA,Entomology
VMNH,NA,Entomology
DMNS,Ento & Arach,Entomology & Arachnology Collections
ANSP,ENT,Entomology Collection
CSCC,NA,Entomology Collection
DCH,DCEC,Entomology Collection
GCNP,NA,Entomology Collection
MONT,MTEC,Entomology Collection
SBMNH,SBMNHENT,Entomology Collection
UDAF,UDAFE,Entomology Collection
RBCM,ENT,Entomology Collection
UMNH,ENT,Entomology Collection at the Natural History Museum of Utah
USNM,USNMENT,Entomology Collections
YPM,ENT,Entomology Division
CONABIO,EMBN,Escarabajos y moscas de los bosques de niebla del sureste mexicano (Coleoptera: Scarabaeoidea; Diptera: Syrphidae y Calliphoridae)
EMEC,EMEC,Essig Museum of Entomology
EVE,,Evergreen Natural History Museum
FTG,,Fairchild Tropical Botanic Garden
FTG,,Fairchild Tropical Botanic Garden Herbarium
Harvard University,FH,Farlow Herbarium
FH,,Farlow Herbarium (Harvard University)
Harvard University,FH,Farlow Herbarium of Cryptogamic Botany
CONABIO,FIC,Fauna de insectos sociales del estado de Campeche
F,supplement,Field Museum - supplement data
F,,Field Museum of Natural History
F,F,Field Museum of Natural History - Fish
F,M,Field Museum of Natural History - Mollusks
FMNH,FMNHINS,"Field Museum of Natural History Collection of Insects, Arachnids, and Myriapods"
FMNH,Invertebrate Zoology,Field Museum of Natural History Invertebrates
PIHG,,"Florida Department of Agriculture and Consumer Services, Division of Plant Industry"
FLMNH,,Florida Museum of Natural History
FLMNH,MGCL,"Florida Museum of Natural History, McGuire Center for Lepidoptera and Biodiversity"
NPS,FLFO,Florissant Fossil Beds National Monument
FNL,,Foray Newfoundland and Labrador
FNL,,Foray Newfoundland and Labrador Fungarium
NAUF,NAUF5F,Forest Entomology Collection
DPI,?,Forestry Commission of NSW Insect Collection
UFIFAS,NA,Forestry Entomology Collection
?,TFIC,"Forestry Tasmania, Tasmanian Forest Insect Collection"
FHKSC,,Fort Hays State University Herbarium
NPS,FOLA,Fort Laramie National Historic Site
FLD,,Fort Lewis College Herbarium
FMUH,,Francis Marion University Herbarium
FHL,,Friday Harbor Laboratories
PSU,PSUC,Frost Entomological Museum
PSUC,ENTO,Frost Entomological Museum
FUGR,,"Furman University, Ives Herbarium"
UT,Botany,"Garrett Herbarium, Natural History Museum of Utah"
CNABH,,General Observation and Personal Collections
CNALH,Observation,General Observation and Personal Collections
MP,,General Observation and Personal Collections
SCAN,,General Research Observations
SEINet,,General Research Observations
GMUF,Plants,"George Mason University, Ted R. Bradley Herbarium"
UConn,CONN,George Safford Torrey Herbarium
GAS,,Georgia Southern University Herbarium
GSW,,Georgia Southwestern State University Herbarium
SNM,,Gila Center for Natural History (WNMU) Herbarium
USFS,GILA,Gila National Forest Herbarium
GCNP,,Grand Canyon National Park
GVSC,,Grand Valley State University
GMDRC,,Granite Mountains Desert Research Center
GSMNP,,Great Smokey Mountains National Park
TRT,,Green Plant Herbarium
GPSC,NA,Gregory P. Setliff Collection
GPSC,,Gregory P. Setliff Collection - Kutztown University
HGCRL,,Gulf Coast Research Laboratory Herbarium
HIBG,,Harriet Irving Botanical Gardens
SFSU,,Harry D. Thiers Herbarium at San Francisco State University
FH,,"Harvard University, Farlow Herbarium"
ASU,ASUHIC,Hasbrouck Insect Collection
HXC,,Hendrix College Herbarium
HCIB,,Herbario Anetta Mary Carter
CDS,Lichens,Herbario de L√≠quenes de la Fundaci√≥n Charles Darwin Foundation para las Islas Gal√°pagos
HUAA,,Herbario de la Universidad Aut√≥noma de Aguascalientes
BCMEX,,Herbario de la Universidad Aut√≥noma de Baja California
QMEX,,Herbario de la Universidad Aut√≥noma de Quer√©taro
UAZ,,Herbario de la Universidad Aut√≥noma de Zacatecas
IBUG,,Herbario de la Universidad de Guadalajara
USON,,Herbario de la Universidad de Sonora
JAAA,,Herbario de la Universidad Ju√°rez del Estado de Durango
INEGI,,Herbario del Instituto Nacional de Estad√≠stica Geografia e Inform√°tica
CIIDIR,,Herbario del Instituto Polit√©cnico Nacional-Unidad Durango
HJBC,,Herbario del Jard√≠n Bot√°nico Culiac√°n
SLPM,SLPM,"Herbario Isidro Palacios, Universidad Aut√≥noma de San Luis Potos√≠"
UAS,,Herbario Jes√∫s Gonz√°lez Ortega
HCIAD,,Herbario Regional CIAD-Mazatl√°n
RET,,Herbarium Amanitarum Rooseveltensis
UWAL,lichens,Herbarium of the University of West Alabama
BPBM,BISH,Herbarium Pacificum
OAS,,"Herbarium, Biodiversity Centre of Ontario"
QUE,,Herbier du Qu√©bec (QUE) ‚Äì Collection de plantes vasculaires
QFA,,Herbier Louis-Marie (QFA) - Collection de plantes vasculaires
CSCN,,High Plains Herbarium at Chadron State College
HBSH,,Highlands Biological Station Herbarium
HLSD,,Hillsdale College Herbarium
HCHM,,Hope College
GMS,,Hopkins Marine Station
HPC,,Howard Payne University Herbarium
HUDC,,Howard University Herbarium
HSC,,Humboldt State University
HNT,,Huntington Botanical Gardens Herbarium
HUNT,,Huntington University Herbarium
UKY-HIC,HIC,Hymenoptera Institute Collection
IDS,,Idaho Museum of Natural History
ILLS,,Illinois Natural History Survey
ILLS,,Illinois Natural History Survey 
ILLS,F,Illinois Natural History Survey - Fish
ILLS,M,Illinois Natural History Survey - Mollusks
INHS,INHSIC,Illinois Natural History Survey Insect Collection
iNaturalist,,iNaturalist Observations
iNat,,iNaturalist Research Grade Observations
iNaturalist,Observations,iNaturalist Research-grade Observations
BPI,,Index of the C.G. Lloyd Mycological Collection Specimens Housed at BPI
IASD,,Indian Ascomycetes Fungal Database
ILD,,Indian Lichen Database
IMUD,,Indian Marine Fungi Database
IMUD,,Indian Mushroom Database
IMUD,,Indian Myxomycetes Database
IRFD,,Indian Rust Fungal Database
IND,,Indiana University
IND,,Indiana University Herbarium
IND,,Indiana University Herbarium (Deam Herbarium)
JEF,,Indiana University Southeast Herbarium
UNHP,NA,Insect and Arachnid Collections
UANH,NA,Insect Collection
AMNH,NA,Insect Collection
NA,NA,Insect Collection
HSMNCH,BPBM,Insect Collection
BROW,BCIC,Insect Collection
BUIC,NA,Insect Collection
NA,NA,Insect Collection
CSCA,NA,Insect Collection
CMNH,NA,Insect Collection
CHAS,ENT,Insect Collection
NA,NA,Insect Collection
CNHM,NA,Insect Collection
NA,NA,Insect Collection
CAES,NA,Insect Collection
CUIC,NA,Insect Collection
NA,NA,Insect Collection
DMNH,NA,Insect Collection
COA,NA,Insect Collection
NA,NA,Insect Collection
FSCA,NA,Insect Collection
NA,NA,Insect Collection
NA,NA,Insect Collection
FCDA,NA,Insect Collection
NA,NA,Insect Collection
HCTR,NA,Insect Collection
HNPH,NA,Insect Collection
HDOA,NA,Insect Collection
INHS,INHSIC,Insect Collection
ISMS,NA,Insect Collection
ISUI,NA,Insect Collection
NA,NA,Insect Collection
JTNM,NA,Insect Collection
KNWR,NA,Insect Collection
KKIC,KKIC,Insect Collection
NA,NA,Insect Collection
MAJC,MAJC,Insect Collection
LSU,NA,Insect Collection
NA,NA,Insect Collection
MNHM,NA,Insect Collection
NA,NA,Insect Collection
MNA,WACA,Insect Collection
NA,NA,Insect Collection
NA,NA,Insect Collection
LACM,LACMEC,Insect Collection
NA,NA,Insect Collection
NCSU,NA,Insect Collection
NA,NA,Insect Collection
ODA,NA,Insect Collection
PDA,NA,Insect Collection
NA,NA,Insect Collection
NA,NA,Insect Collection
RMBL,NA,Insect Collection
SSAC,SSAC,Insect Collection
NA,NA,Insect Collection
SNHM,NA,Insect Collection
SCSM,NA,Insect Collection
SIUC,NA,Insect Collection
NA,NA,Insect Collection
SWRS,NA,Insect Collection
NA,NA,Insect Collection
TAMU,TAMUIC,Insect Collection
UA,UAIC,Insect Collection
GUAM,ESUG,Insect Collection
UHIM,SEMC,Insect Collection
ISUI,NA,Insect Collection
UMA,NA,Insect Collection
UMAM,NA,Insect Collection
NA,NA,Insect Collection
UMSP,UMSP,Insect Collection
URIC,NA,Insect Collection
UTC,UTCI,Insect Collection
UTEP,NA,Insect Collection
TNHC,NA,Insect Collection
OSH,NA,Insect Collection
USDA-ARS,ARS,Insect Collection
USGS,PWRC-US-CA-MX,Insect Collection
USU,NA,Insect Collection
PPCD,NA,Insect collection
WWU,WWUC,Insect Collection
NA,NA,Insect Collection
WPU,NA,Insect Collection
CICC,NA,Insect Collection
CUAT,NA,Insect Collection
CEAM,NA,Insect Collection
UniSierra,UniSierra,Insect Collection
NA,NA,Insect Collection
UACC,NA,Insect Collection
NA,NA,Insect Collection
UNAM,NA,Insect Collection
UAQ,NA,Insect Collection
NA,NA,Insect Collection
CZIIZD,NA,Insect Collection
CMN,CMNEN,Insect Collection
CNC,NA,Insect Collection
ULQC,NA,Insect Collection
MMMN,NA,Insect Collection
IMQC,NA,Insect Collection
NBMB,NA,Insect Collection
PMAE,NA,Insect Collection
ROME,NA,Insect Collection
SMNH,NA,Insect Collection
BRFC,NA,Insect Collection 
DART,NA,Insect Collection 
WICH,WICHI,Insect Collection 
DAR,NA,Insect Collection.
UMMC*,NA,Insect Division
NA,NA,Insect Museum
UWY,NA,Insect Museum
NDA,NA,Insect Reference Collection
UD,UDCC,Insect Research Collection
IBE,,Institute for Botanical Exploration
USU,UTC,Intermountain Herbarium (Utah State University)
CONABIO,IHPM,Inventario de Hymen√≥ptera; paras√≠tica en M√©xico
CONABIO,ILSH,Inventario de la lepidopterofauna de la Sierra de Huautla
CONABIO,RTP120,"Inventario de las mariposas de la selva baja de las sierras de Taxco-Huautla, Guerrero (RTP120)"
CONABIO,IRSG,"Inventario de los ropaloceros (Lepidoptera) de la Sierra Gorda, estado de Quer√©taro, M√©xico"
TTU,TTU-Z,Invertebrate Zoology
CLEV,CMNHENT,Invertebrate Zoology Collection
UCSB,IZC,Invertebrate Zoology Collection
MPM,MPM ENT,Invertebrate Zoology-Insect Collection
USFS,INF,Inyo National Forest Herbarium
ILH,,Iowa Lakeside Laboratory
ISC,,"Iowa State University, Ada Hayden Herbarium"
JFBM,F,J. F. Bell Museum of Natural History - Fish
JFBM,M,J. F. Bell Museum of Natural History - Mollusks
MIN,,J. F. Bell Museum of Natural History Herbarium
SJSC,NA,J. Gordon Edwards Museum of Entomology
JBWM,NA,J.B. Wallis Museum of Entomology
JMUH,,James Madison University Herbarium
WSU,NA,James Museum
JBM,,Jardin Botanique de Montr√©al
JEMEZ,,Jemez Mountain Herbarium
SUCO,,Jewell and Arline Moss Settle Herbarium at SUNY Oneonta
HAW,,Joseph F. Rock Herbarium - University of Hawaii
JMM,JMMI,Joseph Moore Museum
KSU,MEPAR,K-State Museum of Entomological and Prairie Arthropod Research
KAIB,,Kaibab National Forest Herbarium
WVW,ENT,Katharine B. Gregg Orchid Pollinator Collection
DBG,KHD,Kathryn Kalmbach Herbarium
UCSC,,Kenneth S. Norris Center for Natural History at University of California Santa Cruz
KE,,Kent State University Herbarium
KNFY,,Klamath National Forest Herbarium
KNOX,,Knox College Herbarium
KKIC,KKIC,Kojun Kanda Insect Collection
UAM,KWP,KWP Lepidoptera Collection (Arctos)
PDD,,Landcare Research
CONABIO,ECO-CH,"Lepidoptera (Rhopalocera y Heterocera) de √°reas prioritarias para la conservaci√≥n en la Pen√≠nsula de Yucat√°n, con registros de adultos y estados inmad"
fieldguide,LepSnap,LepSnap Observations
LIMC,,Long Island Mycological Club
FARM,,"Longwood University, Harvill-Stevens Herbarium"
QFA,,"Louis-Marie Herbarium, Universit√© Laval"
LSUA,,Louisiana State University of Alexandria Herbarium
LSUS,,"Louisiana State University Shreveport, D. T. MacRoberts Herbarium"
LSUM,,"Louisiana State University, Bernard Lowy Mycological Herbarium"
LSU,Vascular Plants,"Louisiana State University, Shirley C. Tucker Herbarium"
LTU,,Louisiana Tech University Herbarium
LL,,Lundell Herbarium - University of Texas at Austin
LCDI,,Luther College
MGU,LEMQ,Lyman Entomological Museum
MGU,LEMQ,Lyman Entomological Museum (LEMQ)
LYN,,"Lynchburg College, Ramsey-Freer Herbarium"
MAJC,MAJC,M. Andrew Johnston Collection
MABA,Plants,Madrean Archipelago Biodiversity Assessment Observations
GreaterGood,,Madrean Discovery Expeditions
SEL,,Marie Selby Botanical Gardens Herbarium
MT,,Marie-Victorin Herbarium
NA,NA,Marjorie Barrick Museum of Natural History - Entomology
MUHW,,Marshall University
TAWES,,Maryland Department of Natural Resources
VPI,,Massey Herbarium (Virginia Tech)
INVCOL,NA,Mayaguez Invertebrate Collection
MCMUC,MCMUC,McMaster University Collection
MCN,,McNeese State University Herbarium
UNCC,,Mecklenburg County Park and Recreation Herbarium
NPS,MEVE,Mesa Verde National Park
MU,,Miami University
MU,,"Miami University, Willard Sherman Turrell Herbarium"
UWFP,,"Michael I. Cousens Herbarium, University of West Florida"
MWK,MWKPC,Michael W Klein Personal Collection and Observations
MSC,,Michigan State University
MSC,,Michigan State University Herbarium
MTSU,,Middle Tennessee State University
MIL,,Milwaukee Public Museum
MPM,MPM ENT,"Milwaukee Public Museum, Invertebrate Zoology-Insect Collection"
MISU,,Minot State University
MISSA,MEM,Mississippi Entomological Museum
MMNS,,Mississippi Museum of Natural Science Herbarium
MISSA,,Mississippi State University
MO,,Missouri Botanical Garden
MSUB,,Montana State University - Billings
MSUNH,,Montana State University - Northern Herbarium
MONT,,Montana State University Herbarium
MDKY,,Morehead State University
MDKY,,Morehead State University Herbarium
MOAR,,Morris Arboretum of University of Pennsylvania
MOR,,Morton Aboretum
MOR,,Morton Arboretum
MOT,,Mote Marine Lab
MOD_WPC,MOD_WPC,Moth Observation Database: David L. Wikle Personal Collection
MOD_FMNH,MOD_FMNH,Moth Observation Database: Field Museum of Natural History
MOD_KSU,MOD_KSU,Moth Observation Database: Kansas State University
MOD_SBMNH,MOD_SBMNH,Moth Observation Database: Santa Barbara Museum of Natural History
MOD_AMNH,MOD_AMNH,Moth Observations Database: American Museum of Natural History
MOD_CAS,MOD_CAS,Moth Observations Database: California Academy of Sciences
MOD_CDFA,MOD_CDFA,Moth Observations Database: California Department of Food and Agriculture
MOD_CNC,MOD_CNC,Moth Observations Database: Canadian National Collection
MOD_CSUFC,MOD_CSUFC,"Moth Observations Database: Colorado State University, Fort Collins"
MOD_DMNS,MOD_DMNS,Moth Observations Database: Denver Museum of Nature & Science
MOD_LACM,MOD_LACM,Moth Observations Database: LA County Museum of Natural History
MOD_NMNH,MOD_NMNH,Moth Observations Database: National Museum of Natural History
MOD_PR,MOD_PR,Moth Observations Database: Paul and Sandy Russel Personal Collection
MOD_PMJ,MOD_PMJ,Moth Observations Database: Peter Jump Personal Collection
MOD_SDNHM,MOD_SDNHM,Moth Observations Database: San Diego Natural History Museum
MOD_TED,MOD_TED,Moth Observations Database: Tom Dimock Personal Collection
MOD_UCB,MOD_UCB,Moth Observations Database: UC Berkeley
MOD_UCD,MOD_UCD,Moth Observations Database: UC Davis
MOD_UCR,MOD_UCR,Moth Observations Database: UC Riverside
MOD_UCONN,MOD_UCONN,Moth Observations Database: University of Connecticut
MCA,,Muhlenberg College
MUR,,Murray State University Herbarium
UPR,MEBT-UPR,Museo de Entomolog√≠a y Biodiversidad Tropical Collection - University of Puerto Rico
UPRM,INVCOL,Museo de Entomología y Biodiversidad Tropical Collection
MAGNT,MAGNT,Museum and Art Gallery of the Northern Territory
MCZ,NA,Museum of Comparative Zoology
MCZ,,"Museum of Comparative Zoology, Harvard University"
KSU,MEPAR,Museum of Entomological and Prairie Arthropod Research
AUEM,NA,Museum of Natural History
UCM,UCMC,Museum of Natural History Entomology Collection
MNA,Lichens,Museum of Northern Arizona
MNA,WACA,Museum of Northern Arizona - Walnut Canyon National Monument Collection
UNM,MSBA,"Museum of Southwestern Biology, Division of Arthropods"
UNM,,"Museum of Southwestern Biology, University of New Mexico"
VM,?,Museums Victoria Entomology Collection
N/A,,Mushroom Mountain Fungarium
MUOB,,Mushroom Observer
NAMP-CMS,,"NAMP - Cascade Mycological Society: Macrofungi of Lane County, Oregon"
NMK,INV,"National Museums of Kenya, Invertebrate Section"
PTBG,,National Tropical Botanical Garden
USGS,PWRC-US-CA-MX,Native Bee Inventory and Monitoring Lab - US-CA-MX - Bees
USGS,PWRC,Native Bee Inventory and Monitoring Lab - World - Bees
DUGWAY,DUG-ENT,Natural History Collection
NHI,,Natural History Institute Herbarium
CSUEB,CSUEBNHM,Natural History Museum
TTRSNHM,TTRSLEP (24626),Natural History Museum
ICBU,NA,Natural History Museum
KU,SEMC,Natural History Museum Entomology Division
C,,Natural History Museum of Denmark: The Herbarium of Lichens
LACM,LACMEC,Natural History Museum of Los Angeles County
UT,,Natural History Museum of Utah Fungarium
O,,"Natural History Museum, University of Oslo"
AHBC,NA,Natural Science Museum
Naturalis,Mollusca,Naturalis Biodiversity Center (NL) - Mollusca
NCSM,NA,Naturalist Center
NAUF,NAUF5F,NAU Forest Entomology Collection
NAVA,,Navajo Nation Herbarium
NDOA,,Nevada Department of Agriculture Herbarium
NTS,,"Nevada Operations Office, Department of Energy"
NBM,,New Brunswick Museum
NEBC,,New England Botanical Club
Harvard University,NEBC,New England Botanical Club
NMNHI,,New Mexico Natural History Institute Herbarium
NMSU,NMSU,New Mexico State Collection of Arthropods
NMC,,New Mexico State University Herbarium
NMCR,,New Mexico State University Range Science
NY,,New York Botanical Garden
NYS,,New York State Museum
,,New Zealand Arthropod Collection (NZAC)
NBYC,,Newberry College Herbarium
THIB,,Nicholls State University Herbarium
NMCR,,NMSU Center for Natural History Collections Range Science
AMNH,BEE,North American Bee Collections
NCSM,UNIO,North Carolina Museum of Natural Sciences - Mollusk Collection
NCMS,,North Carolina Museum of Natural Sciences Herbarium
NCSC,,North Carolina State University Vascular Plant Herbarium
NCSLG,,"North Carolina State University, Larry F. Grand Mycological Herbarium"
NCZP,,North Carolina Zoological Park
NDA,,North Dakota State University Herbarium
DEK,,Northern Illinois University Herbarium
KNK,,"Northern Kentucky University, John W. Thieret Herbarium"
DPIF,NTEIRC,Northern Territory Economic Insect Reference Collection
RHNM,,Observaciones Generales de Flora del Noroeste de M√©xico
CONABIO,ODV,Odonata de Veracruz
BYU,OBSERV,Odonata records from the Brigham Young University Arthropod Museum
OSU,OSU,Ohio State C.A. Triplehorn Insect Collection
OS,,Ohio State University Herbarium
OS,,Ohio State University Herbarium - Plants
OS,F,Ohio State University Museum of Biological Diversity - Fish Division
OS,M,Ohio State University Museum of Biological Diversity - Mollusc Division
BHO,,"Ohio University, Bartley Herbarium"
ODU,,Old Dominion University Herbarium
OSU,OSAC,Oregon State Arthropod Collection
OSC,,Oregon State University
OSC,,Oregon State University Herbarium
CIDA,NA,Orma J. Smith Museum of Natural History
TAMU,SongLab,Orthoptera DNA Tissue Collection
UMBC,QMOR,Ouellet-Robert entomological collection (QMOR)
WWB,,"Pacific Northwest Herbarium, Western Washington University"
PUA,,Pacific Union College Hebarium
LEDLIE,,Patricia Ledlie Herbarium
USFWS,PRR,Patuxent Research Refuge - Maryland
PAC,,Pennsylvania State University Herbarium
NPS,PISP,Pipe Spring National Monument
KSP,,Pittsburg State University
KSP,,"Pittsburg State University, Theodore M. Sperry Herbarium"
AMNH,PBI,Plant Bug Planetary Biodiversity Inventory Project PBI: Phytophagous Insects as a Model Group for Documenting Planetary Biodiversity (Insecta: Heterop
CPUP,NA,Pomona Biodiversity Collections - Entomology
PFBP,Observations,Prairie Fen Biodiversity Project
CONABIO,CSAB,Primera fase de actualizaci√≥n de la Colecci√≥n de Siphonaptera Alfredo Barrera del Museo de Zoolog√≠a Alfonso Herrera
CONABIO,BGBD,Proyecto para compatibilizar el inventario de biota ed√°fica BGBD con el Sistema Nacional de Informaci√≥n sobre Biodiversidad
PU,PERC,Purdue Entomological Research Collection
PUR,,"Purdue University, Arthur Fungarium"
PUL,,"Purdue University, Kriebel Herbarium"
BDI,,Putnam Museum and Science Center
QVMAG,QVMAG,Queen Victoria Museum and Art Gallery - Invertebrates
DAF,QFRI,Queensland Forestry Research Institute
QM,QM,Queensland Museum Entomology
DAF,QPIIC,Queensland Primary Industries Insect Collection
DAF,QPIM,Queensland Primary Industries Mareeba - Entomology
UCD,BMEC,R. M. Bohart Museum of Entomology
RSABG,RSA-POM,Rancho Santa Ana Botanic Garden Herbarium
RMWC,,Randolph College
IDS,,"Ray J. Davis Herbarium, Idaho State Museum of Natural History"
RBG,,Red Butte Garden in Salt Lake City
REH,,Reinhardt University Herbarium
QFB,,Ren√©-Pomerleau Herbarium
UNR,NA,"Reno, Museum of Natural History, Entomology Research Collection"
CONABIO,CMCL,"Repatriaci√≥n de datos de los lepid√≥pteros depositados en la Colecci√≥n del McGuire Center for Lepidoptera and Biodiversity, Florida Museum of Natural H"
SWMT,,Rhodes College Herbarium
CONABIO,RCQR,"Riqueza espec√≠fica y biodiversidad de microartr√≥podos ed√°ficos de la Isla de Cozumel, Q. Roo"
WWF,,Rob & Bessie Welder Wildlife Foundation Herbarium
OBI,,"Robert F. Hoover Herbarium, Cal Poly State University"
FSU,,Robert K. Godfrey Herbarium at The Florida State University
UWSP,,"Robert W. Freckmann Herbarium at the University of Wisconsin, Stevens Point"
RMBL,,Rocky Mountain Biological Laboratory
RM,,Rocky Mountain Herbarium
TRTC,,Royal Ontario Museum Fungarium
CHRB,,"Rutgers University, Chrysler Herbarium"
SCFS,,Sagehen Herbarium
SC,,Salem College
SSAC,SSAC,Salvatore S. Anzaldo Collection
SNM,INVERT,Sam Noble Oklahoma Museum of Natural History
SD,,San Diego Natural History Museum
SDSU,,San Diego State University
SFSU,,"San Francisco State University, Harry D. Thiers Herbarium"
SJSU,,"San Jose State University, Carl W. Sharsmith Herbarium Carl W. Sharsmith Herbarium, San Jose State University"
SJNM,,San Juan College Herbarium
SBBG,,Santa Barbara Botanic Garden Lichen Herbarium
SBMNH,SBMNHENT,Santa Barbara Museum of Natural History Entomology Collection
SCIR,,Santa Cruz Island Reserve Herbarium
SCAN,ARTSYS,SCAN Collection of Externally Processed Specimens (Arthropod Systematics Research)
UNL,SCARAB,Scarab Central: World Scarabaeoidea
CONABIO,CEZUG,"Scarabaeoidea y colecci√≥n de tipos de la colecci√≥n entomol√≥gica del Centro de Estudios en Zoolog√≠a, Universidad de Guadalajara"
SDSU,TAC,SDSU Terrestrial Arthropods Collection
SENEY,,Seney National Wildlife Refuge
RESC,,Shasta College
LSU,Algae,Shirley C. Tucker Herbarium at Louisiana State University
SSLP,,"Shrub Science Laboratory, Rocky Mountain Research Station"
SPIF,,Sierra Pacific Industries-Forestry
WA,NA,Slater Museum
SI,NMNH,Smithsonian Institution - National Museum of Natural History
EPHR,,Snow College Herbarium
SQB,,Soci√©t√© Qu√©b√©coise de Bryologie
Sonoran Atlas,,Sonoran Desert Plants: An Ecological Atlas
SAM,SAM,South Australian Museum Terrestrial Invertebrate Collection
SDSU,SDC,South Dakota State University (C. A. Taylor) Herbarium
SDSU,SMIRC,"South Dakota State University, The Severin-McDaniel Insect Research Collection"
SELU,,"Southeastern Louisiana University, Glen N. Montz Herbarium"
SIU,,Southern Illinois University Herbarium
SFRP,,Southern Research Station Herbarium
SUU,,Southern Utah University
USFS,SWRH,Southwestern Regional Forest Service Herbarium
SWRS,,Southwestern Research Station
UBC,UBCZ,Spencer Entomological Collection
SAU,SAU,St. Ambrose University
SAPCL,,St. Andrews University
BING,,State University of New York - Binghamton
CORT,,State University of New York College at Cortland
SYRF,,"State University of New York, SUNY College of Environmental Science and Forestry Herbarium"
SIM,,Staten Island Museum
SIIS,NA,Staten Island Museum - Entomology
FHKS,NA,Stenberg Museum - Entomology
SWSL,,Stoneville Weed Science Laboratory Herbarium
EIU,,Stover-Ebinger Herbarium (Eastern Illinois University)
UCFC,SMFCA,Stuart M. Fullerton Collection of Arthropods
SWANER,,Swaner Preserve and EcoCenter
SWAT,,Swat University Fungarium
TLE,,T. L. Esslinger Herbarium
TTRS,,Tall Timbers Research Station
TTRSNHM (25625),TTRSLEP (24626),Tall Timbers Research Station Natural History Museum
TAC,,Tarleton State University Herbarium
DPIPWE,TAIC,Tasmanian Agricultural Insect Collection
TMAG,TMAG,Tasmanian Museum and Art Gallery Invertebrate Collection
HTTU,,Tennessee Technological University Herbarium
SDSU,TAC,Terrestrial Arthropods Collection
TAES,,"Texas A & M University, S. M. Tracy Herbarium"
TAMU,TAMUIC,Texas A&M University Insect Collection
TLU,TLU,Texas Lutheran University Herbarium
TTU,TTU-Z,Texas Tech University - Invertebrate Zoology
MSU,MSUC,The Albert J. Cook Arthropod Research Collection
BLM,MLFO,The Bees of Pine Hill Preserve Collection
BROW,BCIC,The Broward College Insect Collection
UWBM,NA,The Burke Museum’s Arachnology and Entomology Collections 
BIOUG,BIOUG,The Centre for Biodiversity Genomics
"University of Guelph, Centre for Biodiversity",BIOUG,The Centre for Biodiversity Genomics - University of Guelph
CHSC,,The Chico State Herbarium
DCH,DCEC,The Davidson College Entomology Collection
AUA,,The Freeman Herbarium at Auburn University
UCSC,RMIC,The Kenneth S. Norris Center for Natural History
UCSC,RMIC,The Kenneth S. Norris Center for Natural History at University of California Santa Cruz
LEPSOC,LEPSOC,The Lepidopterists' Society Season Summary
NY,,The New York Botanical Garden
PU,PERC,The Purdue Entomological Research Collection
OMNH,RINVRT,The Sam Noble Museum Department of Recent Invertebrates
SDSU,SMIRC,The Severin-McDaniel Insect Research Collection
ARIZ,,The University of Arizona Herbarium
UCF,UCFC,The University of Central Florida Collection of Arthropods
BALT,,Towson University
BALT,,Towson University Biodiversity Center
AMNH,TTD,Tri-Trophic TCN
TSJC,,Trinidad State Junior College
TROY,,Troy University Herbarium
NO,,Tulane Herbarium
DAV,,U.C. Davis Herbarium
UAM,UAM_ENT,UAM Insect Collection
UCR,NA,UC Riverside Entomology Research Museum
UCSC,,"UCSC Herbarium, Kenneth S. Norris Center for Natural History, University of California, Santa Cruz"
BLM,UI,Uinta BLM Herbarium
GREE,,UNC Herbarium
BPI,,United States National Fungus Collections
US,,United States National Herbarium - Smithsonian
USNM,USNMENT,"United States National Museum, Entomology Collections"
BAFC,,Universidad de Buenos Aires
IBUG,,Universidad de Guadalajara
MT,,Universit√© de Montr√©al Biodiversity Centre
CMMF,,"Universit√© de Montr√©al, Cercle des Mycologues de Montr√©al Fungarium"
UQAT,,Universite du Quebec en Abitibi-Temiscaningue
UC,,"University Herbarium, University of California, Berkeley"
BG,,University Museum of Bergen
UNA,,University of Alabama
UACCC,,University of Alabama Chytrid Culture Collection
ALA,,University of Alaska Museum
UAM,INVERT,University of Alaska Museum
ALA,,University of Alaska Museum of the North Herbarium
ALAJ,,University of Alaska Southeast
UAM,UASM,"University of Alberta Museums, E. H. Strickland Entomological Museum"
ARIZ,,University of Arizona Herbarium
UA,UAIC,University of Arizona Insect Collection
ARIZ,,"University of Arizona, Gilbertson Mycological Herbarium"
UARK,,University of Arkanasas Herbarium
UAM,,University of Arkansas at Monticello
UARK,,University of Arkansas Fungarium
UARK,,University of Arkansas Herbarium
UBC,UBCZ,University of British Columbia - Spencer Entomological Collection (UBCZ)
UBC,,University of British Columbia Herbarium
UCSB,,University of California - Santa Barbara
UC,,"University of California Berkeley, University Herbarium"
DAV,,"University of California Davis, Center for Plant Diversity - Herbarium"
UCSB,IZC,University of California Santa Barbara Natural History Collection
UCSC,,University of California Santa Cruz Fungal Herbarium
DAV,,"University of California, Davis"
IRVC,,"University of California, Irvine"
LA,,"University of California, Los Angeles"
UCR,,"University of California, Riverside"
UCR,,"University of California, Riverside Plant Herbarium"
UCSB,,"University of California, Santa Barbara"
UCAC,,University of Central Arkansas Herbarium
FTU,,University of Central Florida Herbarium
CSU,,University of Central Oklahoma Herbarium
CINC,,"University of Cincinnati, Margaret H. Fulford Herbarium"
UCM,UCMC,University of Colorado Museum of Natural History Entomology Collection
COLO,V,University of Colorado Museum of Natural History Herbarium Vascular Plant Collection
COLO,,"University of Colorado, Museum of Natural History"
CONN,,University of Connecticut
UD,UDCC,University of Delaware Insect Research Collection
FLAS,,University of Florida Herbarium
FLAS,,"University of Florida, Florida Museum of Natural History"
GMNH,UGCA,University of Georgia Collection of Arthropods
GA,,University of Georgia Herbarium
GAM,,"University of Georgia, Julian H. Miller Mycological Herbarium"
GUAM,ESUG,University of Guam Insect Collection
GUAM,GH,University of Guam Marine Macrophyte Collection
UHM,HAW-A,University of Hawaii at Manoa
UHIM,UHIM,University of Hawaii Insect Museum
HAW,L,"University of Hawaii, Joseph F. Rock Herbarium"
HAW-F,,"University of Hawaii, Joseph F. Rock Herbarium"
ID,,University of Idaho
ILL,,University of Illinois Herbarium
ILLS,,"University of Illinois, Illinois Natural History Survey Fungarium"
KU,SEMC,University of Kansas Natural History Museum Entomology Division
KANU,,University of Kansas Ronald L. McGregor Herbarium
KANU,KU-F,"University of Kansas, R. L. McGregor Herbarium"
NLU,,University of Louisiana at Monroe Herbarium
USLH,,University of Louisiana Lafayette Herbarium
UMFK,,University of Maine at Fort Kent
MAINE,,University of Maine Herbaria
MAINE,,"University of Maine, Richard Homola Mycological Herbarium"
WIN,,University of Manitoba Vascular Plant Herbarium
MWCF,,University of Mary Washington Herbarium
MARY,,"University of Maryland, Norton-Brown Herbarium"
MASS,,University of Massachusetts - Amherst
MEM,,University of Memphis Herbarium
MICH,,University of Michigan
MICH,,University of Michigan Herbarium
UMMZ,Mollusk Collection,University of Michigan Museum of Zoology
UMMZ,F,University of Michigan Museum of Zoology - Fish
UMMZ,MOL,University of Michigan Museum of Zoology - Mollusks
MIN,UMSP,University of Minnesota Insect Collection
MIN,,"University of Minnesota, Bell Museum of Natural History Herbarium Fungal Collection"
MISS,,University of Mississippi
MISS,Bryophytes,"University of Mississippi, Thomas M. Pullen Herbarium"
MONTU,,University of Montana Herbarium
NEBK,,University of Nebraska at Kearney Herbarium
OMA,,University of Nebraska at Omaha Herbarium
NEBK,,University of Nebraska Kearney
NEB,,"University of Nebraska State Museum, C.E. Bessey Herbarium"
RENO,V,University of Nevada Herbarium
UNR,ENTO,"University of Nevada, Reno, Museum of Natural History, Entomology Research Collection"
NHA,,University of New Hampshire
UNM,,University of New Mexico Herbarium
UNM,,University of New Mexico Herbarium (UNM).
UNAF,,University of North Alabama
UNCA,,University of North Carolina at Asheville
NCU,,University of North Carolina Chapel Hill Herbarium
PEMB,,University of North Carolina Pembroke Herbarium
WNC,,"University of North Carolina Wilmington, David J. Sieren Herbarium"
UNCA,,"University of North Carolina, Asheville"
UND,UND-IC,University of North Dakota Insect Collection.
ISTC,,"University of Northern Iowa, Grant Herbarium"
ND,,"University of Notre Dame, Greene/Nieuwland Herbarium"
KIRI,,University of Rhode Island
URV,,University of Richmond
URV,,University of Richmond Herbarium
USAM,,University of South Alabama Herbarium
SALK,,University of South Carolina Salkehatchie Herbarium
USCS,,University of South Carolina Upstate Herbarium
USCH,Lichens,"University of South Carolina, A. C. Moore Herbarium"
USCH,,"University of South Carolina, Andrew Charles Moore Herbarium"
USF,,University of South Florida
USF,,University of South Florida Herbarium
USMS,,University of Southern Mississippi Herbarium
UT,?,University of Tasmania - Entomology
TENN,,University of Tennessee
UTC,UTCI,University of Tennessee at Chattanooga
TENN,TENN-F,University of Tennessee Fungal Herbarium
TENN,,University of Tennessee Herbarium
UTM,,University of Tennessee Martin Herbarium
UCHT,,"University of Tennessee, Chattanooga"
PAUH,,University of Texas - Pan American
UTEP,Herb,University of Texas at El Paso Biodiversity Collections Herbarium
TEX,,University of Texas Herbarium
UTMSI,,University of Texas Marine Science Institute
UOS,,University of the South - Sewanee Herbarium
TRTE,,University of Toronto at Mississauga Herbarium
UT,,University of Utah
UVM,VTZT,University of Vermont Zadock Thompson Zoological Collection-Invertebrates
VT,,"University of Vermont, Pringle Herbarium, Algae Collection"
VT,,"University of Vermont, Pringle Herbarium, Macrofungi"
VT,,"University of Vermont, Pringle Herbarium, North American bryophytes"
VT,,"University of Vermont, Pringle Herbarium, North American lichens"
VT,,"University of Vermont, Pringle Herbarium, vascular plants excluding those from New England"
WTU,,University of Washington
WTU,,University of Washington Herbarium
UWFP,,University of West Florida
WGC,,University of West Georgia Herbarium
UWO,UWOC,University of Western Ontario Collection
UWEC,,University of Wisconsin - Eau Claire
UWGB,VP,University of Wisconsin - Green Bay
WIS,,University of Wisconsin - Madison
UWL,,University of Wisconsin-LaCrosse
WIS,,University of Wisconsin-Madison Herbarium
UWZM,F,University of Wisconsin-Madison Zoological Museum - Fish
UWZM,M,University of Wisconsin-Madison Zoological Museum - Mollusks
WIS,,"University of Wisconsin-Madison, Wisconsin State Herbarium"
UWM,,University of Wisconsin-Milwaukee
UWSP,,University of Wisconsin-Stevens Point Herbarium
UWSP,,"University of Wisconsin-Stevens Point, Robert W. Freckmann Herbarium"
UWYMED,ENT,University of Wyoming Dillon Lab Insect Collection
RM,,University of Wyoming Rocky Mountain Herbarium
RMS,,"University of Wyoming, Wilhelm G. Solheim Mycological Herbarium"
UPS,,Uppsala University Exsiccati
USFS,TEUI,US Forest Service Southwestern Region
NA,,US National Arboretum
CFMR,,"USDA Forest Service, Center for Forest Mycology Research"
FPF,,"USDA Forest Service, Rocky Mountain Research Station"
UDAF,UDAFE,Utah Department of Agriculture and Food Entomology Collection
USU,PRI,Utah State University Eastern
USUUB,,Utah State University Uintah Basin
USU,UTC,"Utah State University, Intermountain Herbarium"
UVU,,Utah Valley University Herbarium
UVSC,,Utah Valley University Herbarium
VSC,,Valdosta State University
VSC,,Valdosta State University Herbarium
VDB,,Vanderbilt University Herbarium
VecB,Aggregate,VectorBase (Bioinformatics Resource for Invertebrate Vectors of Human Pathogens)
?,VAIC,Victorian Agricultural Insect Collection
BIG4,VSIC,Viktor Senderov Insect Collection
VCU,,Virginia Commonwealth University Herbarium
VPI,VTEC,Virginia Polytechnic Institute and State University Insect Collection
VPI,,"Virginia Polytechnic Institute and State University, Massey Herbarium"
VSUH,,Virginia State University Herbarium
VPI,VTEC,Virginia Tech Insect Collection
VPI,,"Virginia Tech University, Massey Herbarium"
?,WINC,Waite Insect and Nematode Collection
WFU,,Wake Forest University
WET,,Wartburg College
WASH,,Washburn University
WSP,,"Washington State University, Charles Gardner Shaw Mycological Herbarium"
WSCO,,Weber State Bryophyte Collection
UNLV,,"Wesley E. Niles Herbarium, University of Nevada, Las Vegas"
WVA,,West Virginia University
WVA,,West Virginia University Herbarium
WVW,ENT,West Virginia Wesleyan College Katharine B. Gregg Orchid Pollinator Collection
WVW,,"West Virginia Wesleyan College, George B. Rossbach Herbarium"
WAM,WAM,Western Australian Museum Entomology Collection
WCUH,,Western Carolina University Herbarium
MWI,,"Western Illinois University, ‚ÄãR. M. Myers Herbarium"
WMU,,Western Michigan University
WSC,,Western State Colorado University
WWU,WWUC,Western Washington University Insect Collection
WEWO,,Weymouth Woods Sandhills Nature Preserve Herbarium
WICH,WICHI,Wichita State University Collection
MU,,"Willard Sherman Turrell Herbarium, Miami University"
UI,WFBM,William F. Barr Entomological Museum
UI,WFBM,William F. Barr Entomological Museum
WJC,,William Jewell College Herbarium
UCSC,,William T. Doyle Bryophyte Herbarium at University of California Santa Cruz
WINU,,Winthrop University Herbarium
WIS-IH,WIRC,Wisconsin Insect Research Collection
WIS,WIRC,Wisconsin Insect Research Collection
YPM,ENT,"Yale Peabody Museum, Entomology Division"
YPM,YU,Yale University Herbarium
YPM,YU,"Yale University Herbarium, Peabody Museum of Natural History"
IZ,YPM,Yale University Peabody Museum
YUO,,Youngstown State University
UVM,VTZT,Zadock Thompson Zoological Collection-Invertebrates
ZNP,,"Zion, Bryce, and Cedar Breaks Herbaria"
UPRM,MEBT-UPR,Zoology Museum
,,
,AMNZ,
,CMNZ,
,UCNZ,
,OMNZ,
,LUNZ,
,MUNZ,
,FRNZ,
,MONZ,
,VUWE,
,NRNZ,